{
  "0A9B4653-B11E-4D6A-850E-C6FCB621626C" : {
    "objectMetadataList" : [
      [
        "0A9B4653-B11E-4D6A-850E-C6FCB621626C",
        "Root",
        "Sphere"
      ],
      {
        "isExpanded" : true,
        "isLocked" : false
      },
      [
        "0A9B4653-B11E-4D6A-850E-C6FCB621626C",
        "Root"
      ],
      {
        "isExpanded" : true,
        "isLocked" : false
      }
    ]
  },
  "70F99620-18FE-438F-B2D5-5E0DA02AB759" : {
    "objectMetadataList" : [
      [
        "70F99620-18FE-438F-B2D5-5E0DA02AB759",
        "Root"
      ],
      {
        "isExpanded" : true,
        "isLocked" : false
      }
    ]
  },
  "90C576A0-F90A-43B8-9998-14918A66F863" : {
    "objectMetadataList" : [
      [
        "90C576A0-F90A-43B8-9998-14918A66F863",
        "Root",
        "Sphere"
      ],
      {
        "isExpanded" : true,
        "isLocked" : false
      },
      [
        "90C576A0-F90A-43B8-9998-14918A66F863",
        "Root"
      ],
      {
        "isExpanded" : true,
        "isLocked" : false
      }
    ]
  },
  "388995CA-80FC-432E-BA88-78270E4EFD9D" : {
    "objectMetadataList" : [
      [
        "388995CA-80FC-432E-BA88-78270E4EFD9D",
        "Root"
      ],
      {
        "isExpanded" : true,
        "isLocked" : false
      }
    ]
  },
  "A4E3DAB1-19BC-48D0-A4BE-6DB39067F1A1" : {
    "objectMetadataList" : [
      [
        "A4E3DAB1-19BC-48D0-A4BE-6DB39067F1A1",
        "Root"
      ],
      {
        "isExpanded" : true,
        "isLocked" : false
      }
    ]
  }
}